<?xml version="1.0" encoding="UTF-8"?>
<definitions xmlns="http://www.omg.org/spec/BPMN/20100524/MODEL" xmlns:bpmndi="http://www.omg.org/spec/BPMN/20100524/DI" xmlns:omgdc="http://www.omg.org/spec/DD/20100524/DC" xmlns:omgdi="http://www.omg.org/spec/DD/20100524/DI" xmlns:signavio="http://www.signavio.com" xmlns:xsi="http://www.w3.org/2001/XMLSchema-instance" exporter="Signavio Process Editor, http://www.signavio.com" exporterVersion="" expressionLanguage="http://www.w3.org/1999/XPath" id="sid-46358fb5-3e16-45b6-a574-7b8c78b46c67" targetNamespace="http://www.signavio.com/bpmn20" typeLanguage="http://www.w3.org/2001/XMLSchema" xsi:schemaLocation="http://www.omg.org/spec/BPMN/20100524/MODEL http://www.omg.org/spec/BPMN/2.0/20100501/BPMN20.xsd">
   <process id="ID1" isExecutable="false">
      <startEvent id="sid-326B0DA0-AA72-4515-BB73-1A6AB517AD12" name="wf start">
         <extensionElements>
            <signavio:signavioMetaData metaKey="bgcolor" metaValue="#ffffff"/>
         </extensionElements>
         <outgoing>sid-4F76D692-9E8A-4477-89DF-B254FFD13093</outgoing>
      </startEvent>
      <task completionQuantity="1" id="sid-E712F4DE-3210-4A30-A707-51E67D888C56" isForCompensation="false" name="initial registration" startQuantity="1">
         <extensionElements>
            <signavio:signavioMetaData metaKey="bgcolor" metaValue="#ffffcc"/>
         </extensionElements>
         <incoming>sid-4F76D692-9E8A-4477-89DF-B254FFD13093</incoming>
         <outgoing>sid-9F5375B0-B965-4289-9D5B-E421EB7CBD17</outgoing>
      </task>
      <exclusiveGateway default="sid-EAF7587D-5A81-46DB-8B3A-624485D6C6A6" gatewayDirection="Diverging" id="sid-08E7C0DF-BF1D-4B0A-BC8B-7E294FF64148" name="SwP">
         <extensionElements>
            <signavio:signavioMetaData metaKey="bgcolor" metaValue="#ffffff"/>
         </extensionElements>
         <incoming>sid-9F5375B0-B965-4289-9D5B-E421EB7CBD17</incoming>
         <outgoing>sid-EAF7587D-5A81-46DB-8B3A-624485D6C6A6</outgoing>
         <outgoing>sid-EE8EFC30-DBF8-44A3-98C9-1224EBAF9F61</outgoing>
      </exclusiveGateway>
      <exclusiveGateway gatewayDirection="Converging" id="sid-E7F30E2B-1DC9-4E15-86D1-57725A4A7CDC" name="go to course selection">
         <extensionElements>
            <signavio:signavioMetaData metaKey="bgcolor" metaValue="#ffffff"/>
         </extensionElements>
         <incoming>sid-6924E796-5644-48ED-94DA-8878FE5E63FD</incoming>
         <incoming>sid-EAF7587D-5A81-46DB-8B3A-624485D6C6A6</incoming>
         <outgoing>sid-0D61402C-16A8-4194-ABE2-1D2D6A729BD1</outgoing>
      </exclusiveGateway>
      <task completionQuantity="1" id="sid-11742E93-98E4-429E-8507-4A6C9A29CB43" isForCompensation="false" name="prepare yourself" startQuantity="1">
         <extensionElements>
            <signavio:signavioMetaData metaKey="bgcolor" metaValue="#ffffcc"/>
         </extensionElements>
         <incoming>sid-EE8EFC30-DBF8-44A3-98C9-1224EBAF9F61</incoming>
         <outgoing>sid-6924E796-5644-48ED-94DA-8878FE5E63FD</outgoing>
      </task>
      <task completionQuantity="1" id="sid-D16ED651-C5C8-4586-BDCA-0B1A0B96D032" isForCompensation="false" name="course selection" startQuantity="1">
         <extensionElements>
            <signavio:signavioMetaData metaKey="bgcolor" metaValue="#ffffcc"/>
         </extensionElements>
         <incoming>sid-0D61402C-16A8-4194-ABE2-1D2D6A729BD1</incoming>
         <outgoing>sid-B7CA44E9-24F3-4333-A06F-0053DF66E9D4</outgoing>
      </task>
      <endEvent id="sid-2D59566B-A998-4F94-B21B-FE86F56EB623" name="end of wf">
         <extensionElements>
            <signavio:signavioMetaData metaKey="bgcolor" metaValue="#ffffff"/>
         </extensionElements>
         <incoming>sid-B7CA44E9-24F3-4333-A06F-0053DF66E9D4</incoming>
      </endEvent>
      <sequenceFlow id="sid-4F76D692-9E8A-4477-89DF-B254FFD13093" name="" sourceRef="sid-326B0DA0-AA72-4515-BB73-1A6AB517AD12" targetRef="sid-E712F4DE-3210-4A30-A707-51E67D888C56"/>
      <sequenceFlow id="sid-9F5375B0-B965-4289-9D5B-E421EB7CBD17" name="" sourceRef="sid-E712F4DE-3210-4A30-A707-51E67D888C56" targetRef="sid-08E7C0DF-BF1D-4B0A-BC8B-7E294FF64148"/>
      <sequenceFlow id="sid-6924E796-5644-48ED-94DA-8878FE5E63FD" name="" sourceRef="sid-11742E93-98E4-429E-8507-4A6C9A29CB43" targetRef="sid-E7F30E2B-1DC9-4E15-86D1-57725A4A7CDC"/>
      <sequenceFlow id="sid-B7CA44E9-24F3-4333-A06F-0053DF66E9D4" name="" sourceRef="sid-D16ED651-C5C8-4586-BDCA-0B1A0B96D032" targetRef="sid-2D59566B-A998-4F94-B21B-FE86F56EB623"/>
      <sequenceFlow id="sid-EAF7587D-5A81-46DB-8B3A-624485D6C6A6" name="no need to prepare" sourceRef="sid-08E7C0DF-BF1D-4B0A-BC8B-7E294FF64148" targetRef="sid-E7F30E2B-1DC9-4E15-86D1-57725A4A7CDC"/>
      <sequenceFlow id="sid-0D61402C-16A8-4194-ABE2-1D2D6A729BD1" name="" sourceRef="sid-E7F30E2B-1DC9-4E15-86D1-57725A4A7CDC" targetRef="sid-D16ED651-C5C8-4586-BDCA-0B1A0B96D032"/>
      <sequenceFlow id="sid-EE8EFC30-DBF8-44A3-98C9-1224EBAF9F61" name="go to preperation" sourceRef="sid-08E7C0DF-BF1D-4B0A-BC8B-7E294FF64148" targetRef="sid-11742E93-98E4-429E-8507-4A6C9A29CB43">
         <conditionExpression id="sid-8e0cbd7a-0db2-4251-be27-df8eb6685941" xsi:type="tFormalExpression">do_preparation == True</conditionExpression>
      </sequenceFlow>
   </process>
   <bpmndi:BPMNDiagram id="sid-141658f8-40c7-4495-bf7e-53946a360109">
      <bpmndi:BPMNPlane bpmnElement="ID1" id="sid-7e9f5fa8-bfee-487e-8777-687192e635c9">
         <bpmndi:BPMNShape bpmnElement="sid-326B0DA0-AA72-4515-BB73-1A6AB517AD12" id="sid-326B0DA0-AA72-4515-BB73-1A6AB517AD12_gui">
            <omgdc:Bounds height="30.0" width="30.0" x="71.0" y="40.0"/>
         </bpmndi:BPMNShape>
         <bpmndi:BPMNShape bpmnElement="sid-E712F4DE-3210-4A30-A707-51E67D888C56" id="sid-E712F4DE-3210-4A30-A707-51E67D888C56_gui">
            <omgdc:Bounds height="80.0" width="100.0" x="165.0" y="15.5"/>
         </bpmndi:BPMNShape>
         <bpmndi:BPMNShape bpmnElement="sid-08E7C0DF-BF1D-4B0A-BC8B-7E294FF64148" id="sid-08E7C0DF-BF1D-4B0A-BC8B-7E294FF64148_gui" isMarkerVisible="true">
            <omgdc:Bounds height="40.0" width="40.0" x="345.0" y="35.0"/>
         </bpmndi:BPMNShape>
         <bpmndi:BPMNShape bpmnElement="sid-E7F30E2B-1DC9-4E15-86D1-57725A4A7CDC" id="sid-E7F30E2B-1DC9-4E15-86D1-57725A4A7CDC_gui" isMarkerVisible="true">
            <omgdc:Bounds height="40.0" width="40.0" x="620.0" y="35.0"/>
         </bpmndi:BPMNShape>
         <bpmndi:BPMNShape bpmnElement="sid-11742E93-98E4-429E-8507-4A6C9A29CB43" id="sid-11742E93-98E4-429E-8507-4A6C9A29CB43_gui">
            <omgdc:Bounds height="80.0" width="100.0" x="465.0" y="196.0"/>
         </bpmndi:BPMNShape>
         <bpmndi:BPMNShape bpmnElement="sid-D16ED651-C5C8-4586-BDCA-0B1A0B96D032" id="sid-D16ED651-C5C8-4586-BDCA-0B1A0B96D032_gui">
            <omgdc:Bounds height="81.0" width="111.0" x="810.0" y="15.0"/>
         </bpmndi:BPMNShape>
         <bpmndi:BPMNShape bpmnElement="sid-2D59566B-A998-4F94-B21B-FE86F56EB623" id="sid-2D59566B-A998-4F94-B21B-FE86F56EB623_gui">
            <omgdc:Bounds height="28.0" width="28.0" x="985.0" y="41.0"/>
         </bpmndi:BPMNShape>
         <bpmndi:BPMNEdge bpmnElement="sid-EAF7587D-5A81-46DB-8B3A-624485D6C6A6" id="sid-EAF7587D-5A81-46DB-8B3A-624485D6C6A6_gui">
            <omgdi:waypoint x="385.0" y="55.0"/>
            <omgdi:waypoint x="620.0" y="55.0"/>
         </bpmndi:BPMNEdge>
         <bpmndi:BPMNEdge bpmnElement="sid-0D61402C-16A8-4194-ABE2-1D2D6A729BD1" id="sid-0D61402C-16A8-4194-ABE2-1D2D6A729BD1_gui">
            <omgdi:waypoint x="660.0" y="55.0"/>
            <omgdi:waypoint x="810.0" y="55.0"/>
         </bpmndi:BPMNEdge>
         <bpmndi:BPMNEdge bpmnElement="sid-9F5375B0-B965-4289-9D5B-E421EB7CBD17" id="sid-9F5375B0-B965-4289-9D5B-E421EB7CBD17_gui">
            <omgdi:waypoint x="265.0" y="55.0"/>
            <omgdi:waypoint x="345.0" y="55.0"/>
         </bpmndi:BPMNEdge>
         <bpmndi:BPMNEdge bpmnElement="sid-4F76D692-9E8A-4477-89DF-B254FFD13093" id="sid-4F76D692-9E8A-4477-89DF-B254FFD13093_gui">
            <omgdi:waypoint x="101.0" y="55.0"/>
            <omgdi:waypoint x="165.0" y="55.0"/>
         </bpmndi:BPMNEdge>
         <bpmndi:BPMNEdge bpmnElement="sid-EE8EFC30-DBF8-44A3-98C9-1224EBAF9F61" id="sid-EE8EFC30-DBF8-44A3-98C9-1224EBAF9F61_gui">
            <omgdi:waypoint x="381.0" y="75.0"/>
            <omgdi:waypoint x="482.0" y="196.0"/>
         </bpmndi:BPMNEdge>
         <bpmndi:BPMNEdge bpmnElement="sid-B7CA44E9-24F3-4333-A06F-0053DF66E9D4" id="sid-B7CA44E9-24F3-4333-A06F-0053DF66E9D4_gui">
            <omgdi:waypoint x="921.0" y="55.0"/>
            <omgdi:waypoint x="985.0" y="55.0"/>
         </bpmndi:BPMNEdge>
         <bpmndi:BPMNEdge bpmnElement="sid-6924E796-5644-48ED-94DA-8878FE5E63FD" id="sid-6924E796-5644-48ED-94DA-8878FE5E63FD_gui">
            <omgdi:waypoint x="542.0" y="196.0"/>
            <omgdi:waypoint x="627.0" y="75.0"/>
         </bpmndi:BPMNEdge>
      </bpmndi:BPMNPlane>
   </bpmndi:BPMNDiagram>
</definitions>
